-2,-2,-2,-2,-2,2024.5,-633.06,-240.58,-24.532,-1048.1,-78.262
0,0.66667,1.2,0.28571,0.90909,16.115,17.98,31.514,5.2454,8.8625,2.6327
-1,-0.66667,-0.4,-0.85714,-0.54545,119.29,-112.66,-76.6,-7.4472,-78.618,-8.2257
1,-1.1111,-1.2,1.4286,-1.2727,92.485,-44.037,-39.952,-5.284,132.14,8.2449
-1.5,1.5556,0.4,-1.4286,1.6364,274.28,-166.57,-12.136,0.03025,-241.24,-16.526
0.5,0.22222,-1.36,0.85714,0.18182,19.485,11.173,12.569,-1.4818,32.646,3.2538
-0.5,-1.5556,1.84,-0.28571,-1.6364,77.167,-61.803,-73.626,-2.8283,-19.799,-5.1649
1.5,1.1111,0.24,-1.6735,1.2727,669.18,308.14,136.39,10.52,-456.54,-32.952
-1.75,-0.22222,-0.56,0.61224,-0.18182,141.58,-162.71,-95.121,-9.0717,-46.853,-4.9473
0.25,-1.7037,1.04,-0.53061,-0.90909,50.913,-26.105,-58.852,-3.2637,-16.044,-3.2656
-0.75,0.96296,-1.68,1.7551,0.54545,316.54,72.681,34.627,0.48267,364.32,28.665
1.25,-0.37037,1.52,-1.102,-1.7355,176.87,143.76,55.796,7.1426,-141.73,-15.925
-1.25,-0.81481,-0.08,1.1837,1.1736,82.901,-59.866,-64.842,-5.5689,27.32,4.5604
0.75,1.8519,-0.88,0.040816,-0.28099,122.46,87.994,100.01,7.0696,-17.023,-2.2642
-0.25,0.51852,0.72,-1.8367,-1.0083,463.62,-28.855,9.5283,1.225,-477.19,-37.421
1.75,-1.2593,-1.84,0.44898,1.9008,63.664,74.081,2.2799,-3.842,-21.448,1.6403
-1.875,1.4074,1.36,-0.69388,0.44628,144.61,-145.81,-25.628,1.0638,-76.729,-6.2659
0.125,0.074074,-0.24,1.5918,-1.3719,185.13,-4.4658,3.2683,0.63156,247.31,16.731
-0.875,-1.8519,-1.04,-1.2653,1.5372,285.82,-151.96,-125.14,-13.258,-165.96,-10.946
1.125,0.81481,0.56,1.0204,0.082645,72.04,68.568,67.633,7.2791,7.5484,0.63855
-1.375,-0.51852,-1.52,-0.12245,-0.64463,122.06,-126.74,-88.672,-10.632,-36.993,-4.9302
0.625,-0.96296,1.68,-1.5102,0.80992,183.86,55.781,-5.3655,1.8848,-223.66,-16.362
-0.375,1.7037,0.08,0.77551,-1.8678,60.681,34.258,64.283,6.0141,28.316,-1.2039
1.625,0.37037,-0.72,-0.36735,1.0413,152.14,158.87,93.051,6.3452,-52.736,-3.0323
-1.625,-1.4074,0.88,1.9184,-0.41322,319.92,28.649,-71.272,-3.6742,311.87,21.717
0.375,1.2593,-1.872,-0.93878,-1.1405,82.385,55.778,59.31,1.2801,-66.273,-8.1955
-0.625,-0.074074,1.328,1.3469,1.7686,108.96,17.264,-1.215,2.9329,146.29,15.657
1.375,-1.9012,-0.272,0.20408,0.31405,51.058,15.903,-42.524,-4.5547,-8.6257,-0.24548
-1.125,0.76543,-1.072,-1.9184,-1.5041,772.16,-213.26,-38.55,-6.0291,-652.51,-50.331
0.875,-0.5679,0.528,0.36735,1.405,12.019,22.025,0.95668,1.0648,1.7819,2.9121
-0.125,-1.0123,-1.232,-0.77551,-0.049587,45.232,-33.772,-49.902,-7.0208,-34.708,-3.2116
1.875,1.6543,1.968,1.5102,-0.77686,261.13,154.26,138.86,16.737,-21.529,-3.6946
-1.9375,0.32099,0.368,-1.3469,0.67769,496.74,-332.94,-114.14,-8.4844,-300.14,-23.76
0.0625,-1.4568,-0.432,0.93878,-1.9339,63.889,-34.244,-59.875,-6.0946,42.475,-0.095411
-0.9375,1.2099,1.168,-0.20408,0.97521,26.914,-10.4,29.114,5.0844,-9.0952,1.0859
1.0625,-0.12346,-1.552,-1.5918,-0.47934,352.24,156.26,44.609,-0.67377,-332.87,-27.234
-1.4375,-1.6049,1.648,0.69388,-1.2066,203.48,-162.94,-130,-7.8598,-44.886,-6.7846
0.5625,1.0617,0.048,-0.44898,1.7025,54.736,56.874,62.118,5.5588,-18.964,1.6129
-0.4375,-0.2716,-0.752,1.8367,0.24793,409.1,29.914,-11.48,-1.522,445.74,33.556
1.5625,-0.71605,0.848,-1.0204,-1.5702,203.86,178.82,59.701,6.0071,-138.77,-15.517
-1.6875,1.9506,-1.712,1.2653,1.3388,64.629,9.2829,41.435,0.6844,44.881,6.3358
0.3125,0.61728,1.488,0.12245,-0.1157,21.268,29.765,38.469,6.4102,-0.71137,-0.32444
-0.6875,-1.1605,-0.112,-1.7551,-0.84298,500.48,-143.43,-85.774,-8.4963,-440.08,-34.963
1.3125,1.5062,-0.912,0.53061,0.61157,166.61,137.95,117.77,8.421,-30.904,-1.8824
-1.1875,0.17284,0.688,-0.61224,-1.6694,73.358,-92.083,-41.358,-2.0313,-52.491,-8.2518
0.8125,-1.7531,-1.392,1.6735,1.2397,315.59,-96.405,-76.005,-8.3315,317.36,27.082
-0.1875,0.91358,1.808,-1.1837,-0.21488,80.604,8.6543,36.119,6.6071,-97.987,-8.8539
1.8125,-0.41975,0.208,1.102,-0.94215,77.764,118.31,52.184,4.8792,-39.26,-5.5747
-1.8125,-0.8642,-0.592,-0.040816,1.9669,245.93,-202.83,-135.27,-12.683,-51.263,-1.1601
0.1875,1.8025,1.008,-1.9534,0.5124,641.23,76.843,84.75,8.0061,-577.48,-40.577
-0.8125,0.46914,-1.936,0.33236,-1.3058,15.188,-29.077,-10.388,-4.7126,-4.7374,-3.1212
1.1875,-1.3086,1.264,-0.8105,1.6033,58.965,59.16,-4.3142,1.722,-52.236,-1.549
-1.3125,1.358,-0.336,1.4752,0.14876,96.617,49.626,41.091,3.4235,136.95,11.282
0.6875,0.024691,-1.136,-1.3819,-0.57851,164.22,79.339,28.686,-0.59519,-190.13,-16.873
-0.3125,-1.9506,0.464,0.90379,0.87603,107.15,-49.21,-82.728,-6.3471,39.688,5.2694
1.6875,0.71605,-1.296,-0.23907,-1.8017,205.84,183.1,113.83,6.9932,-57.24,-9.1992
-1.5625,-0.61728,1.904,-1.6268,1.1074,588.8,-297.54,-114.73,-6.012,-422.63,-30.902
0.4375,-1.0617,0.304,0.65889,-0.34711,21.606,-15.288,-34.765,-2.4692,21.515,1.2554
-0.5625,1.6049,-0.496,-0.48397,-1.0744,40.945,10.796,48.785,3.4411,-15.577,-3.5684
1.4375,0.2716,1.104,1.8017,1.8347,270.91,-58.566,26.12,6.2544,312.31,26.876
-1.0625,-1.5062,-1.616,-1.0554,0.38017,261.05,-166.24,-126.34,-14.306,-128.95,-10.593
0.9375,1.1605,1.584,1.2303,-1.438,101.84,50.972,73.098,10.087,45.741,0.83127
-0.0625,-0.17284,-0.016,0.087464,1.4711,3.6284,-6.1234,-8.4587,-0.78631,4.758,3.3876
1.9375,-1.6543,-0.816,-1.7901,0.016529,861.75,369.52,48.114,-0.45353,-607.53,-45.654
-1.9688,1.0123,0.784,0.49563,-0.71074,103.23,-135.13,-40.685,-1.4808,-42.83,-5.6405
0.03125,-0.32099,-1.776,-0.64723,0.7438,13.941,-9.4826,-18.683,-5.3005,-20.091,-0.31621
-0.96875,-0.76543,1.424,1.6385,-1.9669,162.44,11.353,-34.151,0.40815,202.85,11.799
1.0313,1.9012,-0.176,-1.2187,0.94215,314.45,177.15,133.44,10.723,-169.36,-12.717
-1.4688,0.5679,-0.976,1.0671,-0.5124,36.169,-56.33,-22.644,-3.5801,-1.6028,-1.3244
0.53125,-1.2099,0.624,-0.075802,-1.2397,20.454,-6.2957,-34.265,-1.8835,-4.686,-2.9176
-0.46875,1.4568,-1.456,-1.4636,1.6694,152.61,-19.165,33.603,-0.29578,-181.65,-11.382
1.5313,0.12346,1.744,0.82216,0.21488,89.512,116.22,73.016,9.7843,-29.769,-2.5213
-1.7188,-1.8025,0.144,-0.3207,-1.6033,397.22,-249.49,-181.5,-15.247,-74.54,-10.469
0.28125,0.8642,-0.656,1.965,1.3058,648.52,-12.12,33.089,3.3967,617.29,46.793
-0.71875,-0.46914,0.944,-0.89213,-0.14876,63.163,-67.976,-45.46,-2.109,-64.15,-6.0677
1.2813,-0.91358,-1.968,1.3936,-0.87603,64.026,-24.602,-26.04,-5.6728,93.112,5.8681
-1.2188,1.7531,1.232,0.25073,0.57851,47.62,-4.2039,46.79,6.8191,-3.119,0.81284
0.78125,0.41975,-0.368,-1.8717,-1.7025,645.2,155.68,57.023,2.3439,-570.81,-45.395
-0.21875,-1.358,-1.168,0.41399,1.2066,57.008,-40.884,-64.318,-8.0908,10.261,3.339
1.7813,1.3086,0.432,-0.72886,-0.24793,416.37,283.61,176.65,15.634,-119,-11.664
-1.8438,-0.024691,-1.328,1.5569,-0.97521,90.939,-60.668,-51.477,-6.4681,39.285,1.0257
0.15625,-1.9671,1.872,-1.3003,1.9339,129.73,-28.686,-67.563,-2.7731,-113.06,-5.578
-0.84375,0.69959,0.272,0.98542,0.47934,25.716,5.5962,16.363,2.1897,42.502,4.6485
1.1563,-0.63374,-0.528,-0.15743,-1.3388,31.962,52.641,11.128,-0.29006,-22.17,-4.8294
-1.3438,-1.0782,1.072,-1.5452,1.5702,464.78,-243.73,-119.26,-8.2716,-336.22,-23.696
0.65625,1.5885,-1.648,0.74052,0.1157,80.315,59.699,76.345,3.5613,8.0369,0.8489
-0.34375,0.25514,1.552,-0.40233,-0.61157,8.3445,-7.0162,6.5754,3.7442,-13.166,-2.4385
1.6563,-1.5226,-0.048,1.8834,0.84298,286.86,-127.82,-52.064,-2.833,362.25,28.164
-1.5938,1.144,-0.848,-0.97376,-1.8347,180.61,-160.11,-39.821,-4.7334,-123.78,-14.746
0.40625,-0.1893,0.752,1.312,1.0744,96.706,-13.186,-2.5197,1.8353,138.83,13.748
-0.59375,-1.6708,-1.808,0.1691,-0.38017,111.33,-74.697,-94.342,-12.008,-10.037,-1.7859
1.4063,0.99588,1.392,-1.7085,-1.1074,738.51,302.41,131.38,12.288,-502.49,-40.947
-1.0938,-0.33745,-0.208,0.57726,1.8017,45.273,-64.889,-49.645,-4.6713,-5.9199,2.924
0.90625,-0.78189,-1.008,-0.5656,0.34711,26.081,32.615,-6.2942,-2.8071,-27.392,-1.8425
-0.09375,1.8848,0.592,1.7201,-1.4711,347.93,51.899,80.029,9.3177,335.82,22.61
1.9063,0.55144,-1.488,-1.137,1.438,454.65,323.79,147.32,8.5701,-217.1,-16.175
-1.9063,-1.2263,1.712,1.1487,-0.016529,230.5,-207.02,-135.04,-7.7181,-74.985,-6.8124
0.09375,1.4403,0.112,0.0058309,-0.7438,46.898,37.585,61.349,5.7232,-2.4307,-1.7251
-0.90625,0.107,-0.688,-1.9767,0.71074,712.92,-176.78,-49.257,-6.5252,-657.01,-45.445
1.0938,-1.8189,0.912,0.30904,-1.9008,44.212,2.8727,-44.329,-2.2758,-4.525,-4.2738
-1.4063,0.84774,-1.904,-0.83382,1.0083,101.31,-115.16,-36.754,-6.7387,-76.795,-4.981
0.59375,-0.4856,1.296,1.4519,-0.44628,118.44,-26.637,-11.283,2.334,172.21,13.07
-0.40625,-0.93004,-0.304,-1.4052,-1.1736,192.53,-71.175,-58.798,-6.2508,-197.66,-18.564
1.5938,1.7366,-1.104,0.88047,1.7355,243.63,183.29,145.2,10.443,-49.135,-1.2824
-1.6563,0.40329,0.496,-0.26239,0.28099,97.08,-125.34,-54.533,-3.4179,-42.927,-3.618
0.34375,-1.3745,-1.264,-1.6501,-1.5372,330.01,13.941,-44.824,-7.7206,-327.33,-28.444
-0.65625,1.2922,1.936,0.63557,1.3719,43.922,22.421,49.63,8.4092,24.202,4.9303
1.3438,-0.041152,0.336,-0.50729,-0.082645,87.419,111.92,59.179,5.5536,-48.524,-4.7856
-1.1563,-1.8683,-0.464,1.7784,-0.80992,316.22,-2.561,-87.843,-8.0231,268.03,18.55
0.84375,0.79835,1.136,-1.0787,0.64463,134.35,106.3,76.154,8.5356,-105.38,-8.0019
-0.15625,-0.53498,-1.584,1.207,-1.7686,62.921,-14.405,-28.738,-5.4537,88.382,4.0133
1.8438,-0.97942,1.616,0.06414,1.1405,95.247,122.48,43.15,6.6152,-35.853,-1.2803
-1.7813,1.6872,0.016,-1.8134,-0.31405,815.55,-330.25,-40.025,-3.091,-604.41,-45.793
0.21875,0.35391,-0.784,0.4723,-1.0413,7.1759,13.45,16.212,-0.11659,8.9875,-1.2826
-0.78125,-1.4239,0.816,-0.67055,1.8678,109.48,-91.176,-87.56,-6.0699,-42.29,-0.189
1.2188,1.2428,-1.744,1.6152,0.41322,183.96,3.2968,59.272,2.9082,179.07,14.736
-1.2813,-0.090535,1.456,-1.242,-1.405,244.33,-172.35,-69.838,-3.0122,-192.33,-19.228
0.71875,-1.572,-0.144,1.0437,1.5041,75.332,-40.624,-58.163,-5.2078,70.725,9.2168
-0.28125,1.0947,-0.944,-0.099125,0.049587,16.551,13.417,34.626,1.2408,-1.4594,-0.026837
1.7188,-0.23868,0.656,-1.4869,-0.67769,531.39,305.36,100.72,8.2479,-360.36,-30.662
-1.5313,-0.68313,-1.424,0.79883,0.77686,134.04,-139.76,-100.18,-11.347,-36.307,-1.9658
0.46875,1.9835,1.776,-0.34402,-1.976,144,79.623,104.4,12.836,-24.368,-6.2834
-0.53125,0.65021,0.176,1.9417,0.93313,569,72.512,31.309,4.3218,574.28,43.217
1.4688,-1.1276,-0.624,-0.91545,-0.52141,121.46,118.57,20.158,-0.20487,-94.365,-9.5545
-1.0313,1.5391,0.976,1.3703,-1.2487,96.875,50.995,57.268,7.4257,116.59,7.0495
0.96875,0.20576,-1.9744,0.22741,1.6604,29.517,48.931,30.753,-1.3441,-7.0964,2.5681
-0.03125,-1.7202,1.2256,-1.895,0.20586,540.23,-43.786,-68.737,-5.0424,-514.33,-37.082
1.9688,0.9465,-0.3744,0.39067,-1.6123,304.85,243.43,153.29,12.185,-66.051,-9.7519
-1.9844,-0.38683,-1.1744,-0.75219,1.2968,362.84,-287.02,-150.89,-14.893,-121.76,-8.7318
0.015625,-0.83128,0.4256,1.5335,-0.15778,188.37,-19,-31.473,-1.2492,231.01,18.145
-0.98438,1.8354,-1.3344,-1.3236,-0.88505,176.11,-69.378,25.18,-0.44187,-168.54,-15.868
1.0156,0.50206,1.8656,0.9621,0.5695,56.296,52.909,53.861,8.6752,14.889,2.2931
-1.4844,-1.2757,0.2656,-0.18076,-1.7115,220.96,-172.93,-128.93,-10.535,-50.731,-8.4021
0.51563,1.3909,-0.5344,-1.5685,1.1976,272.53,98.295,78.338,4.921,-261.43,-18.378
-0.48438,0.057613,1.0656,0.7172,-0.25695,10.225,-7.9787,-2.8155,1.9753,20.897,1.3401
1.5156,-1.9177,-1.6544,-0.42566,-0.98422,82.838,45.582,-34.574,-6.7875,-33.018,-5.0849
-1.7344,0.74897,1.5456,1.8601,1.9249,257.93,103.86,24.991,6.077,330.08,28.008
0.26563,-0.58436,-0.0544,-0.99708,0.47032,32.921,4.966,-14.727,-1.694,-57.944,-4.1465
-0.73438,-1.0288,-0.8544,1.2886,-1.3479,90.737,-28.329,-55.652,-6.3601,80.234,4.0141
1.2656,1.6379,0.7456,0.14577,1.5612,198.06,142.56,128.58,12.705,-30.585,0.044687
-1.2344,0.30453,-1.8144,-1.7318,0.10669,523.4,-214.22,-64.404,-9.48,-455.29,-34.439
0.76563,-1.4733,1.3856,0.55394,-0.62059,28.063,-10.295,-39.918,-0.81952,11.159,-0.24838
-0.23438,1.1934,-0.2144,-0.58892,0.83396,27.005,16.607,41.458,3.2883,-15.065,0.31111
1.7656,-0.13992,-1.0144,1.6968,-1.8437,98.524,3.6591,23.195,1.0865,120.78,5.4256
-1.8594,-1.6214,0.5856,-1.1603,1.0654,643.78,-375.89,-204.61,-16.035,-247.26,-19.378
0.14063,1.0453,-1.4944,1.1254,-0.38918,64.5,20.747,38.647,0.76182,79.247,6.0576
-0.85938,-0.28807,1.7056,-0.017493,-1.1165,29.132,-50.357,-33.328,0.58045,-14.948,-3.7052
1.1406,-0.73251,0.1056,-1.93,1.7926,643.75,196.33,29.815,0.49669,-599.3,-39.785
-1.3594,1.9342,-0.6944,0.35569,0.33809,47.747,-13.609,41.719,2.5318,-5.5308,0.083053
0.64063,0.60082,0.9056,-0.78717,-1.4801,67.504,66.154,53.818,6.3634,-54.352,-7.9355
-0.35938,-1.177,-1.8464,1.4985,1.429,218.49,-15.046,-54.848,-8.0469,215.67,20.28
1.6406,1.4897,1.3536,-1.3586,-0.025545,629.84,336.28,178.39,16.891,-308.18,-25.945
-1.6094,0.15638,-0.2464,0.92711,-0.75282,70.395,-108.21,-56.046,-5.0107,-31.549,-4.5373
0.39063,-1.7695,-1.0464,-0.21574,0.70173,58.722,-30.149,-67.514,-8.2028,-1.0771,1.3357
-0.60938,0.89712,0.5536,-1.6035,-1.9098,300.43,-65.47,7.3685,1.2959,-311.51,-28.339
1.3906,-0.43621,-1.2064,0.68222,0.99925,35.581,62.968,22.892,-0.54699,-11.52,0.78399
-1.1094,-0.88066,1.9936,-0.46064,-0.4553,101.01,-105.86,-77.326,-2.6495,-42.359,-4.9533
0.89063,1.786,0.3936,1.8251,-1.1826,374.4,-7.3255,79.485,9.4676,349.22,23.438
-0.10938,0.45267,-0.4064,-1.0321,1.7265,30.475,2.1733,12.97,0.17455,-56.084,-1.4451
1.8906,-1.3251,1.1936,1.2536,0.27198,53.002,61.091,5.0168,2.9332,-5.0423,-0.10733
-1.9219,1.3416,-1.5264,0.11079,-1.5462,104.39,-122.87,-31.274,-5.3248,-40.142,-7.0587
0.078125,0.0082305,1.6736,-1.7668,1.3629,312.69,14.286,8.8822,3.0377,-369.88,-25.227
-0.92188,-1.9835,0.0736,0.51895,-0.09166,160.28,-106.63,-116.82,-10.131,-17.149,-1.9333
1.0781,0.68313,-0.7264,-0.62391,-0.81893,101.21,107.54,74.238,4.8162,-54.124,-6.7208
-1.4219,-0.65021,0.8736,1.6618,0.63561,163.59,11.933,-40.479,-1.2198,185.94,15.58
0.57813,-1.0947,-1.6864,-1.1953,-1.6454,109.18,25.987,-26.82,-6.3876,-118.14,-13.363
-0.42188,1.572,1.5136,1.0904,1.2637,104.45,45.4,67.253,9.286,87.587,10.11
1.5781,0.23868,-0.0864,-0.052478,-0.19083,118.62,136.58,81.363,6.672,-39.157,-4.2529
-1.6719,-1.5391,-0.8864,-1.4402,-0.91811,736.31,-364.71,-185.16,-17.539,-369.98,-32.104
0.32813,1.1276,0.7136,0.84548,1.991,62.162,32.049,53.605,6.3845,40.01,7.5246
-0.67188,-0.20576,-1.3664,-0.29738,0.53644,24.18,-43.264,-34.502,-5.7371,-15.342,-0.38906
1.3281,-1.6872,1.8336,1.9883,-1.2817,426.82,-140.93,-57.991,0.63153,494.67,32.576
-1.1719,0.97942,0.2336,-0.8688,1.6273,62.697,-69.244,-5.5583,0.19132,-61.459,-2.3028
0.82813,-0.35391,-0.5664,1.4169,0.1728,95.964,-27.3,-9.6532,-1.2748,146.98,12.359
-0.17188,-0.79835,1.0336,0.27405,-0.55447,15.288,-22.565,-32.656,-0.83697,3.8815,-0.77047
1.8281,1.8683,-1.9104,-1.8484,0.90008,1242,473.33,191.11,10.057,-718.04,-51.528
-1.7969,0.53498,1.2896,0.43732,-1.7776,100.17,-130.29,-51.515,-1.5063,-40.499,-7.5557
0.20313,-1.2428,-0.3104,-0.70554,1.1315,35.034,-19.51,-46.004,-4.8515,-21.146,0.38137
-0.79688,1.4239,-1.1104,1.5802,-0.32307,190.64,67.172,52.508,3.0006,233.59,17.771
1.2031,0.090535,0.4896,-1.277,-1.0503,239.08,163.98,70.475,6.1757,-197.08,-18.848
-1.2969,-1.8354,-1.2704,1.0087,1.8588,203.29,-128.03,-128.76,-13.641,-16.783,2.0567
0.70313,0.83128,1.9296,-0.13411,0.40421,58.867,62.619,64.456,9.5432,-14.628,-0.62576
-0.29688,-0.50206,0.3296,-1.5219,-1.414,222.28,-49.877,-34.235,-2.9712,-250.48,-22.882
1.7031,-0.9465,-0.4704,0.76385,1.4951,53.068,82.175,19.383,0.51985,-21.557,0.82882
-1.5469,1.7202,1.1296,-0.37901,0.040571,69.972,-54.931,22.05,4.581,-31.63,-2.9367
0.45313,0.38683,-1.5904,1.9067,-0.6867,457.93,-34.599,10.6,-0.6242,498.45,34.9
-0.54688,-1.3909,1.6096,-0.95044,0.76784,98.877,-74.394,-73.536,-3.364,-66.913,-4.4258
1.4531,1.2757,0.0096,1.3353,-1.9429,138.32,98.304,95.937,8.8845,2.7724,-3.9229
-1.0469,-0.057613,-0.7904,0.19242,0.96619,33.89,-60.35,-39.771,-4.982,-12.001,0.70512
0.95313,-1.8848,0.8096,-1.6851,-0.48835,388.51,101.53,-27.149,-2.4583,-366.04,-29.176
-0.046875,0.78189,-1.7504,0.60058,-1.2156,15.821,13.624,24.58,-1.2692,16.067,-0.97948
1.9531,-0.55144,1.4496,-0.54227,1.6935,193.65,198.05,87.1,9.8897,-74.729,-3.7529
-1.9531,-0.99588,-0.1504,1.7434,0.23892,185.08,-51.597,-83.333,-6.7789,105.18,8.3343
0.046875,1.6708,-0.9504,-1.1137,-1.5793,115.13,41.154,66.164,3.725,-93.003,-11.241
-0.95313,0.33745,0.6496,1.172,1.3298,45.789,5.8885,3.3024,1.8625,71.085,8.6883
1.0469,-1.4403,-1.4304,0.029155,-0.12472,35.402,7.2469,-37.609,-6.3832,-6.7765,-0.91588
-1.4531,1.2263,1.7696,-1.9883,-0.85199,984.95,-290.99,-31.125,0.62269,-772.38,-56.77
0.54688,-0.107,0.1696,0.29738,0.60255,5.4082,17.725,9.3546,1.1348,3.4743,1.4905
-0.45313,-1.5885,-0.6304,-0.84548,-1.6784,121.46,-75.418,-86.045,-8.9855,-60.964,-8.8519
1.5469,1.0782,0.9696,1.4402,1.2307,145.23,67.884,84.928,10.145,52.8,6.5047
-1.7031,-0.25514,-1.9424,-1.4169,-0.22389,533.08,-313.83,-129.73,-14.768,-327.31,-27.354
0.29688,-0.69959,1.2576,0.8688,-0.95116,21.42,-10.129,-19.534,0.8985,37.284,1.4112
-0.70313,1.9671,-0.3424,-0.27405,1.9579,58.511,21.574,64.1,5.1315,-1.4065,3.8168
1.2969,0.63374,-1.1424,-1.6618,0.50338,516.97,237.15,94.566,4.2536,-413.4,-31.151
-1.2031,-1.144,0.4576,0.62391,-1.3148,115.31,-112.38,-94.701,-7.262,-26.502,-5.2627
0.79688,1.5226,-1.3024,-0.51895,1.5943,109.29,90.213,89.458,5.2007,-33.077,0.049932
-0.20313,0.1893,1.8976,1.7668,0.13974,356.4,24.711,16.343,6.2858,395.41,30.062
1.7969,-1.7366,0.2976,-1.0904,-0.58753,233.39,184.99,25.595,1.6292,-155.55,-14.853
-1.8281,0.93004,-0.5024,1.1953,0.86702,52.229,-72.15,-19.156,-2.1222,-9.467,0.72091
0.17188,-0.40329,1.0976,0.052478,-1.8107,5.8441,-0.58048,-8.2359,1.4469,-2.5972,-3.8741
-0.82813,-0.84774,-1.6224,-1.8251,1.0984,538.63,-166.16,-85.861,-11.504,-485.09,-33.786
1.1719,1.8189,1.5776,0.46064,-0.35612,209.43,139.89,134.15,14.921,-30.331,-3.7688
-1.3281,0.4856,-0.0224,-0.68222,-1.0834,85.754,-105.19,-39.563,-3.2354,-62.061,-7.9365
0.67188,-1.2922,-0.8224,1.6035,1.8257,264.37,-72.068,-55.111,-5.4833,283.16,25.956
-0.32813,1.3745,0.7776,-1.2536,0.37115,101.5,4.1304,45.476,5.3752,-112.41,-8.7907
1.6719,0.041152,-1.7824,1.0321,-1.447,82.173,115.9,59.473,1.5275,-37.249,-6.419
-1.5781,-1.9342,1.4176,-0.11079,1.4621,310.9,-203.84,-162.01,-11.13,-51.116,-2.1434
0.42188,0.73251,-0.1824,-1.4985,0.0075131,202.48,68.604,48.141,3.0582,-227.85,-18.367
-0.57813,-0.60082,-0.9824,0.78717,-0.71976,31.129,-33.337,-40.851,-5.5168,16.538,-0.0048822
1.4219,-1.0453,0.6176,-0.35569,0.73479,50.748,72.029,11.712,1.9492,-31.701,-1.5751
-1.0781,1.6214,-1.4624,1.93,-1.8768,395.47,119.05,61.388,3.4261,455.66,29.13
0.92188,0.28807,1.7376,-0.92711,1.0323,90.565,92.654,58.77,8.3001,-74.626,-4.6729
-0.078125,-1.4897,0.1376,1.3586,-0.42224,143.01,-32.246,-60.024,-4.637,146.86,11.357
1.9219,1.177,-0.6624,0.21574,-1.1495,317.92,239.83,158.54,12.117,-61.973,-8.4547
-1.8906,-0.15638,0.9376,-1.9067,1.7596,1089.9,-442.07,-126.9,-8.824,-745.74,-50.8
0.10938,-1.6379,-1.8784,0.37901,0.30503,68.39,-39.137,-71.434,-10.183,11.655,1.6918
-0.89063,1.0288,1.3216,-0.76385,-1.5131,49.33,-34.876,14.954,4.1221,-46.774,-7.294
1.1094,-0.30453,-0.2784,1.5219,1.3959,128.55,-37.112,-4.0623,0.050622,179.5,17.107
-1.3906,-0.74897,-1.0784,-1.3353,-0.058603,380.38,-234.14,-119.11,-12.402,-248.15,-20.866
0.60938,1.9177,0.5216,0.95044,-0.78588,123.22,64.744,94.5,9.6633,22.003,0.24287
-0.39063,0.58436,-1.2384,-0.19242,0.66867,5.3714,-4.4193,9.5832,-1.5842,-4.2796,0.94391
1.6094,-1.1934,1.9616,-1.5802,-1.7446,532.24,263.51,53.754,6.5812,-398.85,-35.176
-1.6406,1.4733,0.3616,0.70554,1.1645,46.484,-50.607,11.422,2.0868,-12.516,1.0209
0.35938,0.13992,-0.4384,-0.43732,-0.29001,8.2168,20.174,14.499,0.34866,-15.382,-2.003
-0.64063,-1.786,1.1616,1.8484,-1.0173,417.09,6.5949,-68.235,-2.8347,404.78,27.881
1.3594,0.88066,-1.5584,-1.0087,1.8918,220.42,180.79,105.48,5.4828,-123.4,-7.2605
-1.1406,-0.45267,1.6416,1.277,0.43727,62.884,-22.326,-33.037,0.7121,63.82,6.1345
0.85938,-0.89712,0.0416,0.13411,-1.3809,15.16,16.722,-13.553,-1.2455,-6.7891,-3.4425
-0.14063,1.7695,-0.7584,-1.7434,1.5282,335.91,19.71,61.537,3.0627,-346.19,-23.254
1.8594,0.43621,0.8416,0.54227,0.073629,197.88,195.86,118.52,11.679,-54.502,-5.2269
-1.7656,-1.3416,-1.7184,-0.60058,-0.65364,408.78,-270.88,-178.71,-18.638,-100.61,-10.842
0.23438,1.3251,1.4816,1.6851,0.8009,341.77,18.438,60.169,9.4585,334.48,27.277
-0.76563,-0.0082305,-0.1184,-1.172,-1.988,125.2,-82.821,-37.129,-3.5785,-132.78,-15.41
1.2344,-1.989,-0.9184,1.1137,0.92111,81.374,-41.924,-68.435,-7.6613,58.366,6.8846
-1.2656,0.67764,0.6816,-0.029155,-0.53343,33.31,-57.305,-12.495,0.49257,-20.277,-3.0627
0.73438,-0.65569,-1.3984,-1.9417,-1.2607,686.38,122.35,6.0077,-4.4307,-628.52,-47.791
-0.26563,-1.1001,1.8016,0.34402,1.6484,32.966,-30.559,-44.058,-0.30777,9.0675,4.113
1.7344,1.5665,0.2016,-0.79883,0.19384,451.17,291.7,185.76,15.948,-130.82,-11.783
-1.5156,0.2332,-0.5984,1.4869,-1.6243,63.659,-19.432,-22.29,-2.6189,70.822,2.3428
0.48438,-1.5446,1.0016,-1.3703,1.2847,127.21,13.405,-39.846,-2.2647,-146.61,-9.5322
-0.51563,1.1221,-1.9872,0.91545,-0.1698,33.996,17.836,31.843,-1.0026,43.768,3.5423
1.4844,-0.21125,1.2128,-0.22741,-0.89707,90.956,115.59,60.1,7.4125,-39.487,-5.645
-1.0156,-1.6927,-0.3872,-1.6152,0.55748,497.17,-205.16,-128.26,-12.375,-358.54,-26.956
0.98438,0.97394,-1.1872,0.67055,-1.7235,69.251,76.964,69.397,3.7219,-12.972,-4.7978
-0.015625,-0.3594,0.4128,-0.4723,1.1856,5.6917,-8.2678,-13.544,-0.40272,-10.238,1.4485
1.9844,-0.80384,-1.3472,1.8134,-0.26897,131.04,-43.971,-7.3318,-1.9138,189.97,13.505
-1.9922,1.8628,1.8528,-1.0437,-0.99624,275.9,-209.69,-26.214,2.1972,-156.19,-15.861
0.0078125,0.52949,0.2528,1.242,1.9128,101.07,12.81,22.861,2.9678,129.52,14.8
-0.99219,-1.2483,-0.5472,0.099125,0.4583,106.1,-96.002,-91.682,-9.1242,-20.046,-1.0982
1.0078,1.4184,1.0528,-1.7784,-1.3599,684.13,223.43,118.04,10.694,-510.67,-41.338
-1.4922,0.085048,-1.6672,0.50729,1.5492,77.011,-104.84,-61.814,-8.5333,-24.405,0.64367
0.50781,-1.8409,1.5328,-0.63557,0.094666,51.722,-15.904,-55.799,-2.0613,-19.045,-1.5158
-0.49219,0.82579,-0.0672,1.6501,-0.63261,231.89,47.51,33.88,3.6005,286.45,20.955
1.5078,-0.50754,-0.8672,-1.207,0.82194,223.66,182.64,57.555,2.2201,-177.54,-13.641
-1.7422,-0.95199,0.7328,1.0787,-1.8557,181.17,-177.18,-116.4,-8.1871,-63.867,-9.5622
0.25781,1.7147,-1.8272,-0.06414,1.0533,64.757,47.263,69.956,2.5805,-3.1451,1.7951
-0.74219,0.38134,1.3728,-1.4519,-0.4012,190.2,-80.675,-15.394,1.1541,-218.57,-18.62
1.2578,-1.3964,-0.2272,0.83382,-1.1285,30.95,12.242,-27.849,-2.9816,5.8417,-1.8282
-1.2422,1.2702,-1.0272,-0.30904,1.7806,36.121,-40.653,9.1612,-1.0217,-19.62,1.6812
0.75781,-0.0631,0.5728,1.9767,0.32607,549.18,-76.197,-0.69227,3.0947,577.06,41.796
-0.24219,-1.8903,-1.5072,-0.88047,-1.4921,135.13,-65.779,-92.039,-11.368,-57.982,-8.1562
1.7578,0.77641,1.6928,1.4052,1.417,143.68,99.935,90.106,11.849,11.896,3.4947
-1.8672,-0.55693,0.0928,0.26239,-0.037566,210.35,-196.87,-120.91,-10.001,-51.448,-5.1883
0.13281,-1.0014,-0.7072,-1.8601,-0.76484,496.43,-3.0923,-38.127,-6.2558,-495.48,-37.971
-0.86719,1.6653,0.8928,0.42566,0.68971,44.075,16.839,54.652,6.7703,9.7339,2.254
1.1328,0.33196,-1.8592,-0.7172,-1.9219,103.04,107.47,59.31,1.1159,-66.274,-9.9865
-1.3672,-1.4458,1.3408,1.5685,0.98723,180.97,-27.826,-75.876,-3.4804,131.78,12.313
0.63281,1.2209,-0.2592,-1.2886,-0.46732,185.7,100.09,78.631,5.8048,-160.47,-14.507
-0.36719,-0.11248,-1.0592,0.99708,-1.1946,26.539,-8.1734,-13.488,-3.1666,47.462,1.7727
1.6328,-1.594,0.5408,-0.14577,1.7145,60.902,63.904,-7.5898,0.059216,-24.946,0.98817
-1.6172,1.0727,-1.2192,-1.5335,0.25995,435.9,-246.32,-54.936,-6.905,-346.28,-27.2
0.38281,-0.26063,1.9808,0.75219,-1.5582,14.069,6.848,3.8108,4.3825,21.102,-1.2553
-0.61719,-0.70508,0.3808,-0.39067,1.3509,35.437,-49.657,-47.302,-3.3865,-17.169,1.078
1.3828,1.9616,-0.4192,1.895,-0.10368,397.91,-19.012,91.259,9.1918,342.74,24.599
-1.1172,0.62826,1.1808,-0.9621,-0.83095,89.481,-87.462,-19.727,0.82021,-88.088,-9.5387
0.88281,-1.1495,-1.5392,1.3236,0.62359,95.852,-45.695,-45.538,-6.5665,122.7,11.509
-0.11719,1.5171,1.6608,0.18076,-1.6574,57.854,34.765,65.215,9.2032,1.811,-3.1546
1.8828,0.18381,0.0608,-1.6968,1.2517,814.71,397.45,129.15,8.9109,-533.53,-38.725
-1.9297,-1.7421,-0.7392,0.58892,-0.20285,429.87,-282.6,-198.29,-18.36,-78.525,-8.0416
0.070313,0.92455,0.8608,-0.55394,-0.93013,30.461,26.987,42.837,5.5282,-20.223,-3.718
-0.92969,-0.40878,-1.6992,1.7318,1.979,304.6,44.692,-23.742,-4.8388,331.98,29.264
1.0703,-0.85322,1.5008,-1.1254,0.52442,104.68,89.843,18.5,3.951,-113.47,-8.8391
-1.4297,1.8134,-0.0992,1.1603,-1.2938,53.58,10.732,46.628,4.2957,33.226,0.14124
0.57031,0.48011,-0.8992,0.017493,1.6153,19.209,34.038,31.789,0.97924,-3.1937,2.8968
-0.42969,-1.2977,0.7008,-1.965,0.16078,671.96,-110.12,-74.87,-6.4579,-616.29,-43.765
1.5703,1.369,-1.3792,0.3207,-0.56649,217.49,176.68,131.85,8.5546,-44.702,-5.5891
-1.6797,0.035665,1.8208,-0.82216,0.88805,193.07,-189.52,-84.554,-3.2827,-101.59,-7.5647
0.32031,-1.9396,0.2208,1.4636,-1.7896,186.56,-55.761,-76.255,-5.7306,180.52,11.103
-0.67969,0.72702,-0.5792,-1.3936,1.1195,132.24,-58.295,-2.9333,-1.6396,-171.76,-11.903
1.3203,-0.60631,1.0208,0.89213,-0.33509,28.101,49.156,17.328,3.5542,-2.4386,-1.0535
-1.1797,-1.0508,-1.9232,-0.25073,-1.0624,149.56,-126.07,-104.23,-12.893,-38.998,-5.9241
0.82031,1.6159,1.2768,-1.6385,1.8467,411.13,161.18,111.45,11.197,-327.25,-21.959
-0.17969,0.28258,-0.3232,0.64723,0.39219,8.8856,2.4089,7.3501,0.068789,23.202,2.8876
1.8203,-1.4952,-1.1232,-0.49563,-1.426,118.21,117.43,12.941,-1.722,-57.073,-8.2711
-1.8047,1.1715,0.4768,1.7901,1.4831,186.54,86.902,33.183,4.6201,254.9,21.94
0.19531,-0.16187,-1.2832,-1.0671,0.02855,42.279,8.7515,-4.1538,-3.2495,-73.274,-6.3149
-0.80469,-1.6433,1.9168,1.2187,-0.69872,111.48,-46.366,-74.705,-2.5224,57.532,3.4152
1.1953,1.0233,0.3168,0.075802,0.75582,114.08,111.27,92.981,8.7024,-25.752,-1.0672
-1.3047,-0.31001,-0.4832,-1.8017,-1.9549,760.38,-272.88,-94.745,-9.4783,-576.56,-47.045
0.69531,-0.75446,1.1168,0.48397,0.95417,10.894,6.0938,-11.699,1.1664,9.8608,2.7766
-0.30469,1.9122,-1.6032,-0.65889,-0.50038,62.549,26.335,63.462,2.4687,-21.629,-2.9483
1.6953,0.57888,1.5968,1.6268,-1.2276,132.95,44.412,65.958,9.99,86.964,4.0686
-1.5547,-1.1989,-0.0032,-1.2303,1.6814,421.71,-270.19,-149.1,-12.707,-219.91,-15.461
0.44531,1.4678,-0.8032,1.0554,0.2269,83.019,36.511,63.554,4.3491,55.712,5.2568
-0.55469,0.13443,0.7968,-0.087464,-1.5913,9.3647,-20.743,-6.975,1.0506,-9.3938,-4.0862
1.4453,-1.7915,-1.7632,-1.4752,1.3178,298.91,150.59,-8.0696,-5.7994,-257.2,-18.18
-1.0547,0.87517,1.4368,0.8105,-0.13674,21.624,-9.042,17.948,4.6657,14.094,0.89855
0.94531,-0.45816,-0.1632,-0.33236,-0.86401,23.329,43.787,11.885,0.54964,-22.444,-3.8661
-0.054688,-0.90261,-0.9632,1.9534,0.59053,612.26,-16.215,-38.136,-3.8841,593.62,43.895
1.9453,1.7641,0.6368,-0.90379,-1.6905,693.84,391.91,231,20.374,-188.04,-20.627
-1.9609,0.43073,-1.4432,1.3819,1.2186,79.836,-89.31,-46.669,-6.2861,-4.8344,1.8472
0.039063,-1.3471,1.7568,0.23907,-0.23591,31.498,-26.709,-47.552,-0.74088,5.3996,0.021883
-0.96094,1.3196,0.1568,-1.8834,-0.96319,627.65,-147.8,1.0416,-0.15244,-568.11,-43.565
1.0391,-0.013717,-0.6432,0.40233,1.9459,26.916,48.244,28.205,1.1101,-4.3948,3.3773
-1.4609,-1.9561,0.9568,-0.74052,0.49136,363.93,-231,-169.35,-12.647,-101.81,-8.4947
0.53906,0.71056,-1.9552,1.5452,-1.3268,154.91,-5.8782,25.402,-0.78936,201.36,13.365
-0.46094,-0.62277,1.2448,-1.312,1.5823,107.74,-58.028,-40.909,-1.4096,-135.66,-8.19
1.5391,-1.0672,-0.3552,0.97376,0.12772,33.705,44.674,-1.2578,-0.87125,-3.0551,-0.17573
-1.7109,1.5995,-1.1552,-0.1691,-0.59955,74.189,-82.624,-2.3544,-2.1143,-33.483,-4.4602
0.28906,0.26612,0.4448,-1.5569,0.855,189.69,42.252,24.783,2.2266,-240.54,-17.42
-0.71094,-1.5117,-1.3152,0.72886,-1.8227,101.94,-72.65,-88.361,-10.413,-3.3175,-4.0548
1.2891,1.155,1.8848,-0.41399,1.0864,185.92,148.66,118.21,13.971,-48.485,-2.5193
-1.2109,-0.17833,0.2848,1.8717,-0.36814,308.02,70.862,-10.147,0.4739,379.25,27.058
0.78906,-1.6598,-0.5152,-0.98542,-1.0954,81.12,19.692,-40.868,-5.1416,-68.237,-8.1944
-0.21094,1.0069,1.0848,1.3003,1.8137,134.83,32.698,44.871,6.6176,149.87,16.167
1.7891,-0.32647,-1.6352,0.15743,0.35913,104.45,132.77,58.856,1.4894,-37.555,-3.0193
-1.8359,-0.77092,1.5648,-1.7201,-1.4591,999.48,-431.41,-154.19,-9.8211,-600.04,-48.855
0.16406,1.8957,-0.0352,0.5656,1.45,88.351,48.369,80.227,7.1653,18.285,4.5426
-0.83594,0.56241,-0.8352,-0.57726,-0.0045079,23.702,-39.595,-8.3634,-2.2953,-29.587,-2.7528
1.1641,-1.2154,0.7648,1.7085,-0.73178,200.5,-78.419,-39.645,-0.6917,268.41,19.052
-1.3359,1.4513,-1.7952,-1.1487,0.72276,143.14,-112.38,-9.7672,-4.202,-130.5,-9.851
0.66406,0.11797,1.4048,1.137,-1.8888,39.316,12.791,20.628,4.9649,54.853,0.86806
-0.33594,-1.808,-0.1952,-0.0058309,1.0203,86.979,-57.603,-83.734,-7.8688,-4.052,1.6276
1.6641,0.85871,-0.9952,-1.9933,-0.43426,1284.5,425.26,135.86,6.6931,-864.95,-62.523
-1.5859,-0.47462,0.6048,0.29238,-1.1615,131.55,-143.82,-90.853,-6.4732,-38.933,-6.196
0.41406,-0.91907,-1.4752,-0.85048,1.7476,32.579,-0.88801,-30.183,-5.8667,-33.074,0.57332
-0.58594,1.7476,1.7248,1.4352,0.29301,192.92,67.391,76.914,10.79,186.52,15.729
1.4141,0.41427,0.1248,-1.4219,-1.5252,425.93,241.87,102.43,7.7936,-298.36,-27.665
-1.0859,-1.3635,-0.6752,0.86381,1.3839,116.81,-91.636,-94.664,-9.556,-5.098,2.1576
0.91406,1.3032,0.9248,-0.27905,-0.070624,114.87,97.965,94.045,10.082,-29.031,-2.9637
-0.085938,-0.030178,-1.8912,-1.6668,-0.7979,291.7,-17.134,-13.349,-5.8856,-329.26,-27.028
1.9141,-1.8573,1.3088,0.61891,0.65665,75.148,84.055,-2.835,1.966,-28.205,-1.4838
-1.8984,0.80933,-0.2912,-0.52395,-1.7566,171.31,-177.27,-65.404,-5.7428,-74.043,-10.556
0.10156,-0.52401,-1.0912,1.7618,1.1525,385.08,-22.319,-24.342,-3.2051,407.53,33.154
-0.89844,-0.96845,0.5088,-1.0954,-0.30203,159.52,-119.53,-82.493,-6.2553,-120.13,-11.104
1.1016,1.6982,-1.2512,1.1903,-1.0293,131.19,79.096,94.628,6.2118,18.148,-0.70273
-1.3984,0.36488,1.9488,0.04748,1.8798,49.412,-73.81,-27.606,1.7192,-20.125,1.7469
0.60156,-1.4129,0.3488,-1.8301,0.42524,448.25,64.17,-27.731,-3.4589,-455.68,-32.955
-0.39844,1.2538,-0.4512,0.45564,-1.3929,25.58,17.263,41.666,2.8751,9.7513,-1.9041
1.6016,-0.079561,1.1488,-0.68721,1.5162,157.87,165.99,84.002,9.1472,-76.114,-4.1135
-1.6484,-1.561,-1.5712,1.5985,0.061608,213.74,-74.871,-107.61,-11.989,73.121,5.7936
0.35156,1.1056,1.6288,-1.2586,-0.66566,144.35,65.111,66.154,8.6587,-135.09,-12.826
-0.64844,-0.22771,0.0288,1.0271,0.78888,34.724,-11.539,-18.735,-1.4288,51.564,6.0598
1.3516,-0.67215,-0.7712,-0.11579,-1.994,50.27,71.463,19.065,-0.14187,-28.055,-6.7253
-1.1484,1.9945,0.8288,-1.5035,0.9151,261.03,-97.544,30.042,4.3184,-241.21,-17.631
0.85156,0.66118,-1.7312,0.78217,-0.53944,36.145,46.314,43.533,0.43157,5.6872,-0.67792
-0.14844,-1.1166,1.4688,-0.36068,-1.2667,31.089,-30.305,-44.301,-1.0155,-13.584,-3.7943
1.8516,1.5501,-0.1312,1.925,1.6424,354.8,-20.983,87.271,9.5316,298.18,24.609
-1.7734,0.21674,-0.9312,-0.93211,0.18783,261.46,-231.64,-101.45,-10.192,-136.09,-11.919
0.22656,-1.7092,0.6688,1.3536,-1.6304,136.67,-43.915,-65.375,-4.0136,138.68,8.2689
-0.77344,0.95748,-1.4112,0.21075,1.2787,13.704,-8.7818,15.542,-1.3617,1.7686,2.69
1.2266,-0.37586,1.7888,-1.9117,-0.17581,756,240.71,59.157,6.3461,-637.86,-46.835
-1.2734,-0.8203,0.1888,0.37401,-0.90308,103.21,-112.38,-86.299,-7.0534,-27.399,-4.5495
0.72656,1.8464,-0.6112,-0.76885,0.55147,153.41,103.9,105.48,7.9335,-56.845,-4.1455
-0.27344,0.51303,0.9888,1.5169,-1.7295,147.68,24.757,24.211,4.7455,202.4,12.715
1.7266,-1.2647,-1.9936,-1.3403,1.1796,313.49,214.45,35.945,-2.3846,-237.31,-17.492
-1.5234,1.4019,1.2064,0.94544,-0.27498,40.079,-27.72,22.089,4.7308,1.1486,-0.61054
0.47656,0.068587,-0.3936,-0.19742,-1.0023,8.4721,23.129,14.753,0.46468,-10.541,-3.0052
-0.52344,-1.9067,-1.1936,-1.5852,1.9068,338.31,-116.43,-108.16,-12.555,-269.76,-17.388
1.4766,0.75995,0.4064,0.70054,0.45229,126,134.76,97.489,9.2336,-33.852,-2.4572
-1.0234,-0.57339,-1.3536,-0.44232,-1.3659,88.513,-95.17,-71.734,-8.9084,-39.667,-6.5084
0.97656,-1.0178,1.8464,1.8434,1.5432,403.96,-99.194,-34.285,2.4026,439.71,35.573
-0.023438,1.6488,0.2464,-1.0137,0.088655,86.445,37.26,66.975,6.3099,-61.398,-5.236
1.9766,0.3155,-0.5536,1.272,-0.63862,137.34,162.04,90.644,6.8274,-58.656,-6.565
-1.9766,-1.4623,1.0464,0.12911,0.81593,372.26,-259.29,-176.11,-12.873,-63.549,-4.6944
0.023438,1.2044,-1.6736,-1.7484,-1.8618,416.8,27.952,42.805,-0.6476,-409.27,-34.768
-0.97656,-0.12894,1.5264,0.53728,1.0473,24.487,-44.001,-27.644,0.73721,-1.2087,1.8751
1.0234,-1.6104,-0.0736,-0.60558,-0.40721,48.01,20.539,-34.397,-3.4897,-29.575,-3.5306
-1.4766,1.0562,-0.8736,1.6801,-1.1345,127.72,55.7,25.063,1.0921,194.33,12.623
0.52344,-0.27709,0.7264,-1.177,1.7746,60.524,39.508,11.694,2.0276,-93.535,-4.4832
-0.47656,-0.72154,-1.8336,1.1087,0.32006,65.326,-21.527,-41.942,-7.2113,67.495,6.4893
1.5234,1.9451,1.3664,-0.034152,-1.4981,345.04,208.48,171.76,17.6,-53.827,-8.3313
-1.7266,0.6118,-0.2336,-1.9467,1.411,986.71,-372.86,-83.15,-7.6107,-745.1,-50.838
0.27344,-1.166,-1.0336,0.33903,-0.043576,28.604,-21.69,-45.925,-6.2098,9.4577,0.78871
-0.72656,1.5007,0.5664,-0.80383,-0.77085,52.508,-8.7612,39.725,4.7555,-40.248,-5.1743
1.2734,0.16735,-1.5136,1.4819,0.6837,93.808,-7.2764,18.945,-0.52209,124.94,11.369
-1.2266,-1.7586,1.6864,-1.3753,-1.9279,478.62,-237.18,-142.58,-9.079,-275.82,-26.75
0.77344,0.90809,0.0864,0.91045,0.98122,54.88,43.654,54.892,5.2199,23.932,3.9827
-0.22656,-0.42524,-0.7136,-0.2324,-0.47333,10.614,-21.32,-25.973,-3.739,-8.0897,-1.7014
1.7734,-0.86968,0.8864,-1.6202,-1.2006,650.05,324.99,78.136,6.2851,-456.8,-38.348
-1.8516,1.797,-1.8656,0.66556,1.7085,68.472,-74.533,3.5857,-2.9929,-22.628,1.1566
0.14844,0.46365,1.3344,-0.4773,0.25394,14.639,20.576,27.899,5.1433,-13.869,-0.76579
-0.85156,-1.3141,-0.2656,1.8084,-1.5642,318.03,16.295,-57.339,-4.8471,336.02,21.971
1.1484,1.3525,-1.0656,-1.0487,1.3449,226.61,164.57,113.27,7.2644,-123.93,-8.3242
-1.3516,0.019204,0.5344,1.237,-0.10969,44.396,-36.65,-28.186,-1.0338,32.836,2.4265
0.64844,-1.9726,-1.2256,0.094127,-0.83696,68.033,-28.644,-72.087,-8.9884,2.2454,-1.4526
-0.35156,0.6941,1.9744,-1.7834,0.61758,363.62,-33.651,17.125,4.6207,-399.36,-28.841
1.6484,-0.63923,0.3744,0.50229,-1.6634,73.053,107.46,42.033,4.1129,-33.302,-6.6271
-1.6016,-1.0837,-0.4256,-0.64057,1.2457,274.43,-214.21,-140.87,-12.844,-85.178,-5.5371
0.39844,1.583,1.1744,1.6451,-0.20887,293.45,18.361,70.466,9.7226,280.26,21.275
-0.60156,0.24966,-1.5456,-1.212,-0.93614,101.77,-58.058,-22.383,-5.233,-127.23,-12.715
1.3984,-1.5281,1.6544,1.0737,1.973,47.077,-2.7569,-29.252,0.91499,35.5,6.9325
-1.1016,1.1385,0.0544,-0.069138,0.51841,23.616,-26.288,15.312,1.6498,-11.596,-0.097287
0.89844,-0.19479,-0.7456,-1.4569,-1.2998,242.26,115,34.189,0.3883,-246.21,-22.652
-0.10156,-1.6763,0.8544,0.82882,1.6093,78.775,-38.393,-66.364,-4.1234,41.862,6.9813
1.8984,0.9904,-1.7056,-0.31404,0.15477,299.88,236.4,146.39,8.8935,-70.626,-6.585
-1.9141,-0.34294,1.4944,1.9717,-0.5725,252.69,59.674,-30.32,1.285,314.15,21.16
0.085938,-0.78738,-0.1056,-0.88546,0.88204,28.075,-13.354,-29.727,-3.0305,-39.657,-1.7491
-0.91406,1.8793,-0.9056,1.4002,-1.7956,119.98,59.441,66.984,4.5333,132.48,7.2383
1.0859,0.54595,0.6944,0.25739,1.1134,61.603,79.76,63.965,6.9379,-15.145,0.67443
-1.4141,-1.2318,-1.3856,-1.8651,-0.3411,959.55,-337.19,-145.19,-15.707,-656.81,-48.951
0.58594,1.4348,1.8144,0.42066,-1.0684,89.458,66.086,83.227,11.048,-5.1846,-2.7233
-0.41406,0.10151,0.2144,-0.7222,1.8407,14.13,-20.019,-7.9121,-0.27009,-25.279,1.3987
1.5859,-1.8244,-0.5856,1.5635,0.38618,122.55,-67.405,-58.438,-5.4273,151.76,12.768
-1.6641,0.84225,1.0144,-1.2936,-1.432,337,-230.99,-60.6,-2.7646,-239.88,-23.154
0.33594,-0.49108,-1.9296,0.99209,1.4771,47.283,-16.206,-23.745,-5.7742,64.875,8.6965
-0.66406,-0.93553,1.2704,-0.15077,0.022539,43.746,-55.414,-55.032,-2.2796,-14.157,-1.3342
1.3359,1.7311,-0.3296,-1.5385,-0.70473,610.4,277.67,151.55,11.127,-369.96,-31.155
-1.1641,0.39781,-1.1296,0.74719,0.74981,24.611,-44.565,-20.809,-3.9156,0.20549,1.3962
0.83594,-1.38,0.4704,-0.39567,-1.9609,34.704,10.984,-30.607,-1.959,-19.401,-5.7284
-0.16406,1.2867,-1.2896,1.89,0.94816,548.01,44.953,50.115,3.1848,531.42,40.719
1.8359,-0.046639,1.9104,-0.9671,-0.50639,338.03,269.82,123.74,13.618,-157.87,-15.296
-1.7891,-1.8738,0.3104,1.3186,-1.2337,273.44,-190.24,-151.17,-11.982,-62.828,-7.9603
0.21094,0.79287,-0.4896,0.17576,1.6754,19.758,24.634,35.24,2.1648,5.5626,3.8567
-0.78906,-0.54047,1.1104,-1.7018,0.22089,388.19,-134.39,-59.992,-3.5782,-380.91,-28.796
1.2109,-0.98491,-1.6096,0.58392,-1.5973,28.642,29.514,-12.275,-4.4768,-6.9037,-3.9327
-1.2891,1.6818,1.5904,-0.55893,1.3118,62.467,-31.851,34.22,6.491,-28.777,-0.061339
0.71094,0.34842,-0.0096,1.7268,-0.14275,267.64,-33.879,16.636,2.7827,322.6,24.259
-0.28906,-1.4294,-0.8096,-1.1304,-0.87002,126.6,-61.783,-73.706,-8.4327,-100.93,-10.442
1.7109,1.2373,0.7904,1.1554,0.58452,196.75,165.59,125.72,12.699,-46.342,-3.1852
-1.5391,-0.096022,-1.7696,0.012495,-1.6965,121.16,-132.93,-80.162,-10.308,-38.946,-7.2444
0.46094,-1.5775,1.4304,-1.97,1.2126,589.27,46.923,-37.554,-2.3783,-583.08,-39.253
-0.53906,1.0892,-0.1696,0.3157,-0.24192,16.181,8.3027,32.483,2.6229,6.0781,0.063274
1.4609,-0.24417,-0.9696,-0.82716,-0.9692,141.84,147.2,60.956,2.7828,-92.055,-10.381
-1.0391,-0.68861,0.6304,1.4586,1.9399,134.29,3.3051,-36.044,-1.5099,148.96,15.917
0.96094,1.9781,-1.4496,-1.3986,0.48535,364.05,177.3,126.96,7.3701,-233.23,-18.354
-0.039063,0.64472,1.7504,0.88713,-1.3328,32.525,18.153,32.189,6.5337,39.01,0.77773
1.9609,-1.1331,0.1504,-0.25573,1.5763,118.21,138.92,40.844,3.3532,-47.073,-1.4396
-1.9453,1.5336,-0.6496,-1.6435,0.12171,678.41,-346.02,-62.064,-6.0463,-474.26,-36.77
0.054688,0.20027,0.9504,0.64223,-0.60556,9.1997,7.817,12.631,3.091,20.029,0.59204
-0.94531,-1.7257,-1.9616,-0.50062,0.84899,187.76,-124.01,-121.62,-14.612,-43.611,-2.4475
1.0547,0.94102,1.2384,1.7851,-1.8287,261.47,-20.386,51.505,8.5422,290.35,17.989
-1.4453,-0.39232,-0.3616,-1.0721,1.0804,234.95,-195.21,-100.09,-9.1927,-146.22,-10.721
0.55469,-0.83676,-1.1616,1.2137,-0.37415,66.077,-28.025,-33.438,-4.9134,96.241,7.4642
-0.44531,1.8299,0.4384,0.070804,-1.1014,57.436,29.353,66.966,6.932,1.607,-2.0423
1.5547,0.49657,-1.3216,-1.8067,1.8077,743.05,316.71,106.26,4.3109,-562.52,-38.548
-1.6953,-1.2812,1.8784,0.47897,0.35312,229.57,-192.18,-135.3,-7.7675,-49.944,-4.2325
0.30469,1.3855,0.2784,-0.66389,-1.4651,72.083,52.643,68.163,6.5494,-34.511,-6.112
-0.69531,0.052126,-0.5216,1.6218,1.444,228.05,38.668,0.078445,-0.41904,275.88,24.465
1.3047,-1.9232,1.0784,-1.2353,-0.010518,173.08,100.37,-14.962,-0.18959,-150.98,-12.887
-1.1953,0.74348,-1.6416,1.0504,-0.73779,25.628,-21.96,-2.5863,-3.2479,20.727,0.23508
0.80469,-0.58985,1.5584,-0.092461,0.71675,12.702,26.589,4.2593,3.4016,-8.5205,0.60144
-0.19531,-1.0343,-0.0416,-1.4802,-1.8948,225.19,-49.229,-52.281,-5.3488,-232.23,-22.538
1.8047,1.6324,-0.8416,0.8055,1.0143,311.38,234.38,166.36,12.604,-70.003,-4.7115
-1.8203,0.29904,0.7584,-0.33736,-0.44027,146.77,-163.3,-74.374,-4.5272,-56.74,-6.3788
0.17969,-1.4787,-1.8016,1.9484,-1.1675,566.1,-55.318,-65.537,-7.9511,551.56,37.453
-0.82031,1.1879,1.3984,-0.90879,1.7415,49.284,-23.401,25.786,5.1802,-47.046,-0.72334
1.1797,-0.1454,-0.2016,1.3769,0.287,64.571,-3.1779,10.835,1.1913,96.078,8.4105
-1.3203,-1.6269,-1.0016,0.23407,-1.5312,221.18,-156.51,-135.45,-13.778,-38.533,-6.9033
0.67969,1.0398,0.5984,-1.8884,1.3779,560.73,143.15,77.998,6.3577,-523.37,-35.611
-0.32031,-0.29355,-1.4816,0.39733,-0.076634,12.067,-20.414,-24.556,-5.144,7.0498,0.47083
1.6797,-0.738,1.7184,-0.74552,-0.80391,160.36,166.33,63.425,8.3339,-88.427,-9.83
-1.5703,1.9287,0.1184,1.5402,0.65064,126.24,69.749,63.398,6.3708,149.63,13.098
0.42969,0.59534,-0.6816,-1.317,-1.7626,148.89,60.614,41.175,1.6431,-165.3,-17.383
-0.57031,-1.1824,0.9184,0.96876,1.1465,64.582,-34.856,-54.65,-2.8787,41.803,5.9406
1.4297,1.4842,-1.8976,-0.17409,-0.30804,208.81,163.58,126.39,7.07,-45.946,-5.1377
-1.0703,0.15089,1.3024,-1.5618,-1.0353,344,-157.65,-47.356,-1.6901,-320.19,-27.538
0.92969,-1.775,-0.2976,0.72387,1.8738,56.803,-27.047,-59.458,-5.8679,27.362,6.222
-0.070313,0.89163,-1.0976,-0.41899,0.41923,14.767,15.579,30.425,0.52243,-9.773,-0.046548
1.9297,-0.4417,0.5024,1.8667,-1.3989,152.56,-37.006,13.266,3.7638,213.35,12.698
-1.8828,-0.88615,-1.2576,-0.99042,1.5101,471.46,-324.22,-174.4,-17.121,-177.59,-12.9
0.11719,1.7805,1.9424,1.2953,0.055597,169.34,43.109,80.642,11.6,128.87,10.845
-0.88281,0.44719,0.3424,0.15244,-0.67168,12.215,-30.118,-5.6033,0.30825,-7.8379,-2.1384
1.1172,-1.3306,-0.4576,-1.7251,0.78287,417.46,145.03,0.21564,-2.7424,-402.74,-29.157
-1.3828,1.3361,1.1424,0.5606,-1.9699,40.985,-35.807,18.203,4.1724,-12.263,-5.1995
0.61719,0.0027435,-1.5776,-0.58226,0.93914,18.11,31.55,13.94,-2.0682,-23.567,-0.29268
-0.38281,-1.9945,1.6224,1.7035,-0.5154,338.35,-20.136,-74.876,-2.6324,314.55,23.102
1.6172,0.67215,0.0224,-1.1537,-1.2427,396.19,269.75,133.16,10.567,-208.6,-20.721
-1.6328,-0.66118,-0.7776,1.132,1.6664,119.34,-119.56,-88.989,-8.9276,-21.583,1.261
0.36719,-1.1056,0.8224,-0.010829,0.21187,16.061,-11.354,-33.792,-1.4166,0.51907,0.47795
-0.63281,1.561,-1.7376,-1.9234,-1.6063,658.22,-85.985,21.892,-2.4616,-597.35,-46.478
1.3672,0.22771,1.4624,0.36235,1.3028,80.288,102.25,68.982,8.8324,-22.718,0.29882
-1.1328,-1.5501,-0.1376,-0.78051,-0.15177,220.84,-158.57,-125.33,-11.168,-83.319,-7.9778
0.86719,1.1166,-0.9376,1.5052,-0.87904,142.18,9.5258,51.687,3.5837,153.44,10.478
-0.13281,-0.21674,0.6624,-1.3519,0.57551,98.238,-17.286,-12.48,-0.2171,-146.42,-11.003
1.8672,-1.6982,-1.4176,0.93378,-1.7055,72.421,72.54,-12.057,-4.22,-29.675,-6.2438
-1.7578,0.96845,1.7824,-0.20908,1.2036,85.033,-104.7,-24.344,1.8609,-37,-1.207
0.24219,-0.36488,0.1824,-1.5968,-0.25094,225.75,23.181,-3.7294,-0.92867,-275,-22.143
-0.75781,-0.80933,-0.6176,0.68888,-0.97821,46.437,-53.431,-56.775,-6.1913,0.99901,-1.9647
1.2422,1.8573,0.9824,-0.45398,1.9309,255.35,165.73,144.88,14.542,-52.395,-1.2029
